id;name;phone;email;address
1;outlandish;952.921.5739 x9104;Neva_Runte14@hotmail.com;../fake-data/blob/hipster.txt
2;director;204.224.0638 x410;Maye51@gmail.com;../fake-data/blob/hipster.txt
3;tooth;746-683-5605 x27207;Jaiden92@gmail.com;../fake-data/blob/hipster.txt
4;ick;872-726-4483 x819;Graciela_Connelly18@hotmail.com;../fake-data/blob/hipster.txt
5;cluttered cumbersome;(575) 337-6171 x29304;Kristopher.Hessel@yahoo.com;../fake-data/blob/hipster.txt
6;decode upward limited;(287) 429-4169;Ibrahim_Bailey@yahoo.com;../fake-data/blob/hipster.txt
7;trick although;(580) 413-0703;Mafalda_Schiller@yahoo.com;../fake-data/blob/hipster.txt
8;yum keenly;592-837-2985 x9260;Kale_Gottlieb-Glover99@yahoo.com;../fake-data/blob/hipster.txt
9;that;(809) 744-8624 x13951;Demetris_Kuhic14@yahoo.com;../fake-data/blob/hipster.txt
10;elegantly;768.392.5995 x344;Lura_Cartwright@yahoo.com;../fake-data/blob/hipster.txt
