id;payment_date;payment_method;payment_status;amount
1;2025-12-01T17:26:25;bah splendid often;among;1003.26
2;2025-12-02T05:50:17;blah even priesthood;puritan valuable;8051.74
3;2025-12-02T04:19:26;overproduce whenever joshingly;maul duh athwart;19665.16
4;2025-12-01T15:42:13;probable;thorn psst;27996.7
5;2025-12-02T09:39:07;and;motionless beyond until;2151.01
6;2025-12-02T01:55:55;huzzah hence;broadly ick zowie;2566.35
7;2025-12-02T07:23:44;finally issue supposing;hmph border bruised;12264.12
8;2025-12-01T22:08:27;lest indeed bloom;obsess hoof;1873.32
9;2025-12-02T05:42:02;consequently aw;lest bashfully mozzarella;1804.87
10;2025-12-02T03:07:16;afterwards yesterday clinking;serenade testify;2320.28
